SMILES,y_pred,y_prob,status,Unfaith,BBB_labels
NCc1c[n+]2ccccc2[nH]1,1,0.797247052192688,BBB+,0.0,0
Nc1ccc(C(=O)O)cc1,1,0.5559245347976685,BBB+,0.0,0
O=C(O)c1ccccc1O,1,0.5275024175643921,BBB+,0.0,0
Nc1cc(N)c(N)cc1N,1,0.6540123224258423,BBB+,0.0,1
CSC(=N)N,1,0.7708154916763306,BBB+,0.0,1
NC1(C(=O)O)CCCC1,1,0.5788624286651611,BBB+,0.0,1
C=CC#N,1,0.7419297099113464,BBB+,0.0,1
NCCCS(=O)(=O)O,1,0.6530567407608032,BBB+,0.0,1
CNCCc1ccccn1,1,0.814166247844696,BBB+,0.0,1
ClCCl,1,0.8817951679229736,BBB+,0.0,1
CCC1(C)CC(=O)NC1=O,1,0.9398404359817505,BBB+,0.0,1
CC(Cl)Cl,1,0.8801414370536804,BBB+,0.0,1
N=C(N)SCCF,1,0.7942789793014526,BBB+,0.0,1
NC(=O)c1ccccc1,1,0.8386372327804565,BBB+,0.0,1
C#CCO,1,0.7504216432571411,BBB+,0.0,1
OCC(O)CO,1,0.7379924654960632,BBB+,0.0,1
CCCC(CCC)C(=O)O,1,0.6974786520004272,BBB+,0.0,1
CCO,1,0.7872540950775146,BBB+,0.0,1
NNCCc1ccccc1,1,0.802470326423645,BBB+,0.0,1
C=CC=C,1,0.8421839475631714,BBB+,0.0,1
